{"loss": [2.2032673358917236, 1.2512325048446655, 0.7490763068199158, 0.47023507952690125, 0.31370609998703003, 0.2200763076543808, 0.16112445294857025, 0.12581855058670044, 0.10329374670982361, 0.08932342380285263, 0.0802377238869667, 0.07458134740591049, 0.07081332802772522, 0.06822279095649719, 0.06646791845560074, 0.06515815854072571, 0.06415867060422897, 0.06335730850696564, 0.06269267946481705, 0.06214695796370506, 0.061663154512643814, 0.06123841926455498, 0.06087348610162735], "Value_Head_loss": [0.3881177008152008, 0.13356715440750122, 0.05552002787590027, 0.04693097248673439, 0.028428388759493828, 0.031504277139902115, 0.024740109220147133, 0.02349296398460865, 0.023218773305416107, 0.023839974775910378, 0.024100493639707565, 0.023204391822218895, 0.022320237010717392, 0.02152382582426071, 0.021293379366397858, 0.021303700283169746, 0.021258344873785973, 0.021449465304613113, 0.021363211795687675, 0.02132064662873745, 0.02145933173596859, 0.021348515525460243, 0.021407688036561012], "Policy_Head_loss": [6.157296180725098, 6.091330528259277, 6.051111698150635, 6.031368732452393, 6.00373649597168, 5.9788994789123535, 5.952229022979736, 5.931807994842529, 5.916252136230469, 5.903176307678223, 5.889352798461914, 5.876468658447266, 5.862490177154541, 5.848544597625732, 5.833532810211182, 5.8218512535095215, 5.80803918838501, 5.790829181671143, 5.780411243438721, 5.764450550079346, 5.752629280090332, 5.736475944519043, 5.720512390136719], "val_loss": [1.6131128072738647, 0.9430860280990601, 0.5803892016410828, 0.3772737979888916, 0.25817346572875977, 0.1863286793231964, 0.14197178184986115, 0.11406377702951431, 0.09659213572740555, 0.08558662980794907, 0.07866321504116058, 0.07415685057640076, 0.0711861401796341, 0.06919161975383759, 0.06773422658443451, 0.0667223110795021, 0.06593736261129379, 0.06535322219133377, 0.06485550105571747, 0.0645046979188919, 0.06418091803789139, 0.06392043828964233, 0.06365415453910828], "val_Value_Head_loss": [0.04411914572119713, 0.07063430547714233, 0.11072145402431488, 0.1285039633512497, 0.11166558414697647, 0.10053040087223053, 0.09601973742246628, 0.07418231666088104, 0.0581335611641407, 0.04584087058901787, 0.036605432629585266, 0.0313868373632431, 0.027355549857020378, 0.025015143677592278, 0.023587968200445175, 0.022708861157298088, 0.022300617769360542, 0.02198244445025921, 0.02188044600188732, 0.021852588281035423, 0.021860653534531593, 0.02186514064669609, 0.0219255480915308], "val_Policy_Head_loss": [6.038302898406982, 6.039368629455566, 6.039060115814209, 6.038983345031738, 6.039037227630615, 6.039253234863281, 6.040030002593994, 6.0408830642700195, 6.0418243408203125, 6.042130470275879, 6.041501998901367, 6.040964126586914, 6.037362098693848, 6.034458637237549, 6.0281548500061035, 6.02571439743042, 6.020547866821289, 6.020906448364258, 6.018126964569092, 6.019247531890869, 6.017422199249268, 6.0147013664245605, 6.010401248931885]}