{"loss": [0.04917282611131668, 0.04985736683011055, 0.048517193645238876, 0.048363301903009415, 0.048405956476926804, 0.048485372215509415, 0.048888321965932846], "Value_Head_loss": [0.09878570586442947, 0.09863756597042084, 0.09863123297691345, 0.09895600378513336, 0.09883240610361099, 0.0988221988081932, 0.0989404022693634], "Policy_Head_loss": [4.442429542541504, 4.43718147277832, 4.405227184295654, 4.3939690589904785, 4.3927001953125, 4.390574932098389, 4.381056785583496], "val_loss": [0.05169815197587013, 0.04888378083705902, 0.05002794414758682, 0.048615291714668274, 0.05079335719347, 0.05424068868160248, 0.05084289610385895], "val_Value_Head_loss": [0.09483550488948822, 0.09503698348999023, 0.09493981301784515, 0.09528171271085739, 0.09495745599269867, 0.1059822216629982, 0.09519543498754501], "val_Policy_Head_loss": [4.733469009399414, 4.3829169273376465, 4.566714763641357, 4.443007469177246, 4.666134834289551, 4.832365989685059, 4.662923336029053]}