{"loss": [0.5822208523750305, 0.06927897036075592, 0.06083986163139343, 0.05904451385140419, 0.05823761969804764, 0.057524632662534714, 0.05726895108819008, 0.05658211186528206, 0.05623446777462959, 0.05595102161169052], "Value_Head_loss": [0.12152291089296341, 0.0673583522439003, 0.06604334712028503, 0.0651538074016571, 0.06474875658750534, 0.06463306397199631, 0.06460382789373398, 0.06452213227748871, 0.06447365134954453, 0.06448455154895782], "Policy_Head_loss": [5.999168872833252, 5.827328205108643, 5.691779613494873, 5.573005199432373, 5.481903076171875, 5.403809070587158, 5.353231430053711, 5.303955078125, 5.266366004943848, 5.234985828399658], "val_loss": [0.08916826546192169, 0.06551848351955414, 0.062054216861724854, 0.05869733542203903, 0.05673759803175926, 0.05746383219957352, 0.057154279202222824, 0.05650947615504265, 0.05800481513142586, 0.05836586281657219], "val_Value_Head_loss": [0.0893053188920021, 0.06544233113527298, 0.0661262720823288, 0.06672817468643188, 0.06516989320516586, 0.06569073349237442, 0.06521587818861008, 0.06516881287097931, 0.06531624495983124, 0.06932531297206879], "val_Policy_Head_loss": [6.084556579589844, 6.0566205978393555, 5.864851474761963, 5.535586357116699, 5.276820182800293, 5.401241302490234, 5.3642120361328125, 5.302170276641846, 5.443973541259766, 5.4840826988220215]}