{"loss": [0.055914442986249924, 0.055284298956394196, 0.05500898137688637, 0.05480330064892769, 0.05241042748093605, 0.050694435834884644, 0.05120082199573517], "Value_Head_loss": [0.05290573462843895, 0.05213481932878494, 0.0522850826382637, 0.052170827984809875, 0.052257053554058075, 0.052268270403146744, 0.052221544086933136], "Policy_Head_loss": [5.230798721313477, 5.186707019805908, 5.152242183685303, 4.7032270431518555, 4.621836185455322, 4.567763328552246, 4.550181865692139], "val_loss": [0.05765087902545929, 0.057510171085596085, 0.06769932061433792, 0.05690949782729149, 0.055936623364686966, 0.05291217193007469, 0.058223363012075424], "val_Value_Head_loss": [0.054222993552684784, 0.05436178296804428, 0.054673951119184494, 0.05448398366570473, 0.054606396704912186, 0.05492967739701271, 0.054374802857637405], "val_Policy_Head_loss": [5.423285007476807, 5.410469055175781, 6.063591957092285, 4.990203857421875, 5.059212684631348, 4.818823337554932, 5.261890888214111]}