{"loss": [0.04775908589363098, 0.04725034162402153, 0.04686522111296654, 0.046955909579992294, 0.04712085425853729, 0.04718050733208656, 0.04649372026324272], "Value_Head_loss": [0.03174116834998131, 0.030445879325270653, 0.030459437519311905, 0.030541542917490005, 0.030457546934485435, 0.030446192249655724, 0.03054681234061718], "Policy_Head_loss": [4.373565673828125, 4.354188442230225, 4.343584060668945, 4.340980052947998, 4.339038372039795, 4.331610202789307, 4.321150302886963], "val_loss": [0.048124976456165314, 0.04741374030709267, 0.0535421147942543, 0.052622195333242416, 0.06486178934574127, 0.047318585216999054, 0.048922099173069], "val_Value_Head_loss": [0.03166027367115021, 0.031945060938596725, 0.0319138802587986, 0.031910672783851624, 0.032243989408016205, 0.0317193903028965, 0.03155418857932091], "val_Policy_Head_loss": [4.388731956481934, 4.371222019195557, 5.026469707489014, 4.914865016937256, 5.82073450088501, 4.381653308868408, 4.558725833892822]}