{"loss": [0.05033884942531586, 0.049591340124607086, 0.049245480448007584, 0.048992596566677094, 0.04889458790421486, 0.04860488697886467, 0.048339977860450745], "Value_Head_loss": [0.009379174560308456, 0.00926734134554863, 0.009265181608498096, 0.009280531667172909, 0.009257099591195583, 0.009280625730752945, 0.009291654452681541], "Policy_Head_loss": [4.571428298950195, 4.532960414886475, 4.512152671813965, 4.480464935302734, 4.469905853271484, 4.454582691192627, 4.4349775314331055], "val_loss": [0.05097004398703575, 0.054062068462371826, 0.102204829454422, 0.052129123359918594, 0.05487644299864769, 0.05076040327548981, 0.052471667528152466], "val_Value_Head_loss": [0.009255103766918182, 0.009325357154011726, 0.00923402700573206, 0.009584304876625538, 0.009228219278156757, 0.009236629121005535, 0.0092399250715971], "val_Policy_Head_loss": [4.685111999511719, 5.0139546394348145, 9.663779258728027, 4.838264465332031, 5.0782880783081055, 4.693832874298096, 4.899155616760254]}